url,Platform,Country (Marketplace),Seller Name,Seller ID,Seller Location,SKU,SKUType,Publication Date
https://www.amazon.co.uk/dp/product/B00TJ2BC2A?smid=A1FJCEKVWNKLTS,Amazon,United Kingdom,Simpex4u - Preise inkl. MwSt.,A1FJCEKVWNKLTS,Germany,CE401YC,C-SKU,9/18/2020
https://www.amazon.co.uk/dp/product/B084RY9WHZ?smid=A2WKOFRGJDS6JP,Amazon,United Kingdom,Those IT Guys - VAT Registered - UK,A2WKOFRGJDS6JP,United Kingdom,CF214XH,H-SKU,9/18/2020
https://www.ebay.co.uk/itm/CE250YC-HP-CP3525-CM3530-TONER-BLACK-/284012772663,eBay,United Kingdom,man19881907,man19881907,United Kingdom,CE250YC,C-SKU,9/15/2020
https://www.ebay.co.uk/itm/CE262AC-HP-CLJ-CP4025-CONTRACT-TONER-CARTRIDGE-YELLOW-/402434729904,eBay,United Kingdom,impro-europe-uk,impro-europe-uk,Switzerland,CE262AC,C-SKU,9/14/2020
https://www.ebay.co.uk/itm/CE263AC-HP-CLJ-CP4025-CONTRACT-TONER-CARTRIDGE-MAGENTA-/324295176510,eBay,United Kingdom,impro-europe-uk,impro-europe-uk,Switzerland,CE263AC,C-SKU,9/14/2020
https://www.ebay.co.uk/itm/Expired-HP-Ink-981YC-Black-Cyan-Magenta-Yellow-L0R17YC-L0R18YC-L0R19YC-L0R20YC-/203105772218,eBay,United Kingdom,jess_c88,jess_c88,United Kingdom,L0R20YC,C-SKU,9/14/2020
https://www.ebay.co.uk/itm/GENUINE-BOXED-OCT-19-HP981YC-BLACK-L0R20YC-PAGEWIDE-CARTRIDGE-SWIFTLY-POSTED-/114405383112,eBay,United Kingdom,e.inktrader,e.inktrader,United Kingdom,L0R20YC,C-SKU,9/13/2020
https://www.ebay.co.uk/itm/Genuine-HP-CF300AC-Black-Toner-Colour-LJ-Enterprise-M880z-Series-Brand-New-/333719901832,eBay,United Kingdom,compterxpert,compterxpert,Australia,CF300AC,C-SKU,9/13/2020
https://www.ebay.co.uk/itm/GENUINE-HP-CF301AC-CF301A-827A-Cyan-Toner-HP-FLOW-Laserjet-MFP-M880-/333719903248,eBay,United Kingdom,compterxpert,compterxpert,Australia,CF301AC,C-SKU,9/13/2020
https://www.ebay.co.uk/itm/GENUINE-HP-CF302AC-CF302A-827A-Yellow-Toner-HP-FLOW-Laserjet-MFP-M880-/333719896621,eBay,United Kingdom,compterxpert,compterxpert,Australia,CF302AC,C-SKU,9/13/2020
https://www.ebay.co.uk/itm/Genuine-HP-CF360XC-Black-Toner-Cartridge-508X-M552-M553-Factory-Sealed-Box-/353202799635,eBay,United Kingdom,bobsyouruncle2020,bobsyouruncle2020,United Kingdom,CF360XC,C-SKU,9/14/2020
https://www.ebay.co.uk/itm/Genuine-HP-LASERJET-Q7551XC-HP-TONER-CARTRIDGE-BLACK-P3005-M3027mfp-M3035mfp-/193662817000,eBay,United Kingdom,bookiesfriend1,bookiesfriend1,United Kingdom,Q7551XC,C-SKU,9/14/2020
https://www.ebay.co.uk/itm/Genuine-HP-Q7551XC-Black-Toner-Cartridge-Laserjet-P3005-M3035-M3027-MFP-/264862399840,eBay,United Kingdom,onlinedeal2015,onlinedeal2015,Australia,Q7551XC,C-SKU,9/11/2020
https://www.ebay.co.uk/itm/GENUINE-W9017MC-HP-LASERJET-MANAGED-BLACK-TONER-CARTRIDGE-E50045-MFPE52545-/224155366945,eBay,United Kingdom,habway,habway,United Kingdom,W9017MC,MC-SKU,9/13/2020
https://www.ebay.co.uk/itm/HP-26X-CF226XC-Black-Toner-Cartridge-LaserJet-Pro-M402-M426-/274497525825,eBay,United Kingdom,borini25,borini25,United Kingdom,CF226XC,C-SKU,9/16/2020
https://www.ebay.co.uk/itm/HP-CE270AC-Black-Toner-Cartridge-Laserjet-Enterprise-CP5525-/284014802725,eBay,United Kingdom,man19881907,man19881907,United Kingdom,CE270AC,C-SKU,9/17/2020
https://www.ebay.co.uk/itm/HP-CE390XC-Toner-Cartridge-NEW-/133519062988,eBay,United Kingdom,jakisharpe1,jakisharpe1,United Kingdom,CE390XC,C-SKU,9/14/2020
https://www.ebay.co.uk/itm/HP-GENUINE-SET-2-BLACK-PRINT-CARTRIDGE-Q7551XC-HIGH-CAPACITY-30-VAT-/174437160609,eBay,United Kingdom,Martin Englefield,firstpoint,United Kingdom,Q7551XC,C-SKU,9/15/2020
https://www.ebay.co.uk/itm/HP-LaserJet-Magenta-Toner-Cartridge-W9043MC-/224157777916,eBay,United Kingdom,hill_sea,hill_sea,United Kingdom,W9043MC,MC-SKU,9/15/2020
https://www.ebay.co.uk/itm/HP-Laserjet-Original-CB382YC-YELLOW-Toner-Print-Cartridge-SEALED-/154090327277,eBay,United Kingdom,kazfal69,kazfal69,United Kingdom,CB382YC,C-SKU,9/16/2020
https://www.ebay.co.uk/itm/HP-laserjet-print-cartridge-Black-CE505AC-/264868731874,eBay,United Kingdom,squishak,squishak,United Kingdom,CE505AC,C-SKU,9/17/2020
https://www.ebay.co.uk/itm/Hp-laserjet-print-cartridge-Q7582AC-/324298641832,eBay,United Kingdom,gemzstar,gemzstar,United Kingdom,Q7582AC,C-SKU,9/17/2020
https://www.ebay.co.uk/itm/Hp-laserjet-print-cartridge-Q7583AC-/324298638444,eBay,United Kingdom,gemzstar,gemzstar,United Kingdom,Q7583AC,C-SKU,9/17/2020
https://www.ebay.co.uk/itm/HP-PageWide-981YC-Black-Ink-Cartridge-L0R20YC-BRAND-NEW-BOXED-FREE-DELIVERY-/224157786482,eBay,United Kingdom,technologyspares,technologyspares,United Kingdom,L0R20YC,C-SKU,9/15/2020
https://www.ebay.co.uk/itm/HP-PageWide-981YC-MAGENTA-Ink-Cartridge-L0R18YC-BOXED-Out-date-still-work-/224157725108,eBay,United Kingdom,technologyspares,technologyspares,United Kingdom,L0R18YC,C-SKU,9/15/2020
https://www.ebay.co.uk/itm/HP-PageWide-981YC-YELLOW-Ink-Cartridge-L0R19YC-BOXED-Out-date-still-works-/224157733463,eBay,United Kingdom,technologyspares,technologyspares,United Kingdom,L0R19YC,C-SKU,9/15/2020
https://www.ebay.co.uk/itm/HP-PageWide-981YC-YELLOW-Ink-Cartridge-L0R19YC-BRAND-NEW-BOXED-FREE-POST-/224157736028,eBay,United Kingdom,technologyspares,technologyspares,United Kingdom,L0R19YC,C-SKU,9/15/2020
https://www.ebay.co.uk/itm/HP-Toner-Black-CF330XC-/284011678958,eBay,United Kingdom,man19881907,man19881907,United Kingdom,CF330XC,C-SKU,9/14/2020
https://www.ebay.co.uk/itm/Hp-toner-Cyan-CE251YC-/284011673750,eBay,United Kingdom,man19881907,man19881907,United Kingdom,CE251YC,C-SKU,9/14/2020
https://www.ebay.co.uk/itm/Opened-GENUINE-HP-CF301AC-CF301A-827A-Cyan-Toner-HP-FLOW-Laserjet-MFP-M880-/333719904026,eBay,United Kingdom,compterxpert,compterxpert,Australia,CF301AC,C-SKU,9/13/2020
https://www.ebay.co.uk/itm/Original-HP-CF313AC-CF313A-826A-Toner-Magenta-M855-a-Ware-/114408318891,eBay,United Kingdom,hirtreit,hirtreit,Germany,CF313AC,C-SKU,9/14/2020
https://www.ebay.co.uk/itm/Original-HP-L0R20YC-981YC-Ink-Black-Mhd-11-2020-/114414117815,eBay,United Kingdom,hirtreit,hirtreit,Germany,L0R20YC,C-SKU,9/17/2020
https://www.ebay.co.uk/itm/Original-HP-Toner-CF302AC-CF302A-827A-Yellow-Clj-M880z-Series-a-Ware-/124340113402,eBay,United Kingdom,hirtreit,hirtreit,Germany,CF302AC,C-SKU,9/16/2020
https://www.ebay.co.uk/itm/Original-HP-Toner-Q5942YC-Q5942X-Black-Laserjet-4250-4350-New-/174438661239,eBay,United Kingdom,sophie aldred,windsortec,United Kingdom,Q5942YC,C-SKU,9/16/2020
https://www.ebay.co.uk/itm/Original-HP-Toner-Q6470AC-Q6470A-Black-Laserjet-3600-3800-3505-New-B-/114411312819,eBay,United Kingdom,hirtreit,hirtreit,Germany,Q6470AC,C-SKU,9/16/2020
https://www.ebay.co.uk/itm/Q5942YC-HP-42X-CONTRACT-TONER-CARTRIDGE-BLACK-NEW-RING-PULL-INTACT-GENUINE-HP-/303693684520,eBay,United Kingdom,mne27,mne27,United Kingdom,Q5942YC,C-SKU,9/16/2020
https://www.ebay.co.uk/itm/W9052MC-GENUINE-HP-Yellow-Managed-LJ-Toner-52-000-pages-/303692525124,eBay,United Kingdom,perfectlevel-uk,perfectlevel-uk,United Kingdom,W9052MC,MC-SKU,9/15/2020
https://www.ebay.es/itm/CE250YC-HP-CP3525-CM3530-TONER-BLACK-/284012772663,eBay,Spain,man19881907,man19881907,United Kingdom,CE250YC,C-SKU,9/15/2020
https://www.ebay.es/itm/CE253YC-HP-CP3525-CM3530-MAGENTA-TONER-SEALED-/164379332698,eBay,Spain,orkius,orkius,United Kingdom,CE253YC,C-SKU,9/11/2020
https://www.ebay.es/itm/GENUINE-BOXED-OCT-19-HP981YC-BLACK-L0R20YC-PAGEWIDE-CARTRIDGE-SWIFTLY-POSTED-/114405383112,eBay,Spain,e.inktrader,e.inktrader,United Kingdom,L0R20YC,C-SKU,9/13/2020
https://www.ebay.es/itm/Genuine-HP-CF330XC-654X-Black-Toner-Cartridge-Brand-New-/284011678958,eBay,Spain,man19881907,man19881907,United Kingdom,CF330XC,C-SKU,9/14/2020
https://www.ebay.es/itm/Genuine-HP-LASERJET-Q7551XC-HP-TONER-CARTRIDGE-BLACK-P3005-M3027mfp-M3035mfp-/193662817000,eBay,Spain,bookiesfriend1,bookiesfriend1,United Kingdom,Q7551XC,C-SKU,9/14/2020
https://www.ebay.es/itm/HP-646X-Tonerkartusche-CE264XH-Schwarz-fur-HP-Color-LaserJet-Enterprise-CM-4540-/303693164464,eBay,Spain,Oleg Lando,sovamax,Germany,CE264XH,H-SKU,9/16/2020
https://www.ebay.es/itm/HP-651A-CE342AC-Toner-Cartridge-yellow-LaserJet-MFP-M775-CE342-00903-NEU-OVP-/114413814993,eBay,Spain,simpex4u,simpex4u,Germany,CE342AC,C-SKU,9/17/2020
https://www.ebay.es/itm/HP-70A-Ctg-Tonerkartusche-Q7570AH-Schwarz-fur-HP-LaserJet-M-5025-/303693194830,eBay,Spain,Oleg Lando,sovamax,Germany,Q7570AH,H-SKU,9/16/2020
https://www.ebay.es/itm/HP-CE505JC-Tonerkartusche-/383725122311,eBay,Spain,olwessel_0,olwessel_0,Germany,CE505JC,JC-SKU,9/17/2020
https://www.ebay.es/itm/HP-CF363XC-Toner-Cartridge-Magenta-Originale-508x-/303694336769,eBay,Spain,sere72,sere72,Italy,CF363XC,C-SKU,9/17/2020
https://www.ebay.es/itm/HP-LaserJet-CE251YC-Cyan-Toner-Cartridge-/284011673750,eBay,Spain,man19881907,man19881907,United Kingdom,CE251YC,C-SKU,9/14/2020
https://www.ebay.es/itm/HP-Q7551XC-Toner-schwarz-/164387416694,eBay,Spain,dachhase2010,dachhase2010,Germany,Q7551XC,C-SKU,9/17/2020
https://www.ebay.es/itm/HP-Q7551XC-Tonerpatrone-Schwarz-D-/203107420463,eBay,Spain,Eugen Zaretski,guru2000,Germany,Q7551XC,C-SKU,9/15/2020
https://www.ebay.es/itm/HP-Resttonerbehalter-W9016MC-fur-HP-LaserJet-Managed-MFP-E82540-/293733337888,eBay,Spain,Oleg Lando,sovamax,Germany,W9016MC,MC-SKU,9/13/2020
https://www.ebay.es/itm/HP-Toner-W9003MC-Magenta-fur-HP-Color-LaserJet-Managed-E65060-/303689768088,eBay,Spain,Oleg Lando,sovamax,Germany,W9003MC,MC-SKU,9/13/2020
https://www.ebay.es/itm/HP-Toner-W9004MC-Schwarz-fur-HP-CLJ-Managed-E65060-/303695332773,eBay,Spain,Oleg Lando,sovamax,Germany,W9004MC,C-SKU,9/18/2020
https://www.ebay.es/itm/HP-Tonerkartusche-CF287XH-Schwarz-fur-HP-LaserJet-Enterprise-M506dn-/293734484191,eBay,Spain,Oleg Lando,sovamax,Germany,CF287XH,H-SKU,9/14/2020
https://www.ebay.es/itm/HP-Tonerkartusche-W9032MC-Gelb-fur-HP-LaserJet-Managed-MFP-E67560-/303689617160,eBay,Spain,Oleg Lando,sovamax,Germany,W9032MC,MC-SKU,9/13/2020
https://www.ebay.es/itm/HP-Tonerkartusche-W9033MC-Magenta-fur-HP-LaserJet-Managed-MFP-E67560-/303689626245,eBay,Spain,Oleg Lando,sovamax,Germany,W9033MC,MC-SKU,9/13/2020
https://www.ebay.es/itm/HP-Tonerkartusche-W9037MC-Schwarz-fur-HP-LaserJet-Managed-MFP-E82540-/303692802551,eBay,Spain,Oleg Lando,sovamax,Germany,W9037MC,MC-SKU,9/16/2020
https://www.ebay.es/itm/HP-Tonerkartusche-W9050MC-Schwarz-fur-HP-LaserJet-Managed-MFP-E87640-/303689558914,eBay,Spain,Oleg Lando,sovamax,Germany,W9050MC,MC-SKU,9/13/2020
https://www.ebay.es/itm/HP-Tonerkartusche-W9052MC-Magenta-fur-HP-LaserJet-Managed-MFP-E87640-/303689542065,eBay,Spain,Oleg Lando,sovamax,Germany,W9052MC,MC-SKU,9/13/2020
https://www.ebay.es/itm/HP-Tonerkartusche-W9101MC-Cyan-fur-HP-Color-LaserJet-Managed-MFP-E77422-/303691178498,eBay,Spain,Oleg Lando,sovamax,Germany,W9101MC,MC-SKU,9/14/2020
https://www.ebay.es/itm/HP-Tonerkartusche-W9102MC-Gelb-fur-HP-Color-LaserJet-Managed-MFP-E77422-/303691186358,eBay,Spain,Oleg Lando,sovamax,Germany,W9102MC,MC-SKU,9/14/2020
https://www.ebay.es/itm/HP-Tonerkartusche-W9103MC-Magenta-fur-HP-Color-LaserJet-Managed-MFP-E77422-/303691183644,eBay,Spain,Oleg Lando,sovamax,Germany,W9103MC,MC-SKU,9/14/2020
https://www.ebay.es/itm/HP-W9004MC-Schwarz-Toner-fur-HP-CLJ-Managed-E65060-Series-/293740595037,eBay,Spain,Oleg Lando,sovamax,Germany,W9004MC,C-SKU,9/18/2020
https://www.ebay.es/itm/Neu-HP-304a-Toner-Magenta-Rot-CC533AC-B-/143738393865,eBay,Spain,"Gesellschafter; Denis Rau, Anton Thorsten Hastreiter",t.d.versand,Germany,CC533AC,C-SKU,9/15/2020
https://www.ebay.es/itm/Original-HP-Toner-CE250YC-504A-Black-fur-Laserjet-CP3525-CM3530-Neu-OVP-/274494783446,eBay,Spain,pamecu,pamecu,Germany,CE250YC,C-SKU,9/14/2020
https://www.ebay.es/itm/Original-HP-Toner-CF360XC-fur-Laser-Jet-M552-M553-Black-schwarz-/264863736621,eBay,Spain,welchennamensollichnehmen,welchennamensollichnehmen,Germany,CF360XC,C-SKU,9/13/2020
https://www.ebay.es/itm/Original-HP-Toner-Q5953AC-Q5953A-643A-Agenta-HP-4700N-a-Articulo-/114411297510,eBay,Spain,hirtreit,hirtreit,Germany,Q5953AC,C-SKU,9/16/2020
https://www.ebay.es/itm/Original-HP-Toner-Q7551XC-Black-fur-Laserjet-P3005-M3027mfp-M3035mfp-Neu-OVP-/274494783832,eBay,Spain,pamecu,pamecu,Germany,Q7551XC,C-SKU,9/14/2020
https://www.ebay.es/itm/Original-Toner-HP645A-C9730AC-NEU-Originalverpackung-/284011499694,eBay,Spain,lilly850163,lilly850163,Germany,C9730AC,C-SKU,9/14/2020
https://www.ebay.es/itm/W9052MC-GENUINE-HP-Yellow-Managed-LJ-Toner-52-000-pages-/303692525124,eBay,Spain,perfectlevel-uk,perfectlevel-uk,United Kingdom,W9052MC,MC-SKU,9/15/2020
https://www.milanuncios.com/impresoras/cartucho-de-impresion-hp-q5952a-363510104.htm,Milanuncios,Spain,Juli√°n,3970000000,Spain,Q5952AC,C-SKU,9/16/2020
Evaluation Only. Created with Aspose.Cells for Java.Copyright 2003 - 2020 Aspose Pty Ltd.